{
    "tags": [
      {
        "ID": 1,
        "pose": {
          "translation": {
            "x": 0,
            "y": 0,
            "z": 0
          },
          "rotation": {
            "quaternion": {
              "W": 0.500000000000000,
              "X": 0.0,
              "Y": 0.0,
              "Z": 0.8660254037844386
            }
          }
        }
      }
    ],
    "field": {
      "length": 16.451,
      "width": 8.211
    }
  }